<?xml version="1.0" encoding="UTF-8" standalone="no"?>
<extension version="2.5" type="plugin" group="system" method="upgrade">
    <name>System - Gantry 4</name>
    <author>RocketTheme, LLC</author>
    <creationDate>November 29, 2017</creationDate>
    <copyright>(C) 2005 - 2017 RocketTheme, LLC. All rights reserved.</copyright>
    <license>http://www.gnu.org/copyleft/gpl.html GNU/GPL</license>
    <authorEmail>support@rockettheme.com</authorEmail>
    <authorUrl>http://www.rockettheme.com</authorUrl>
    <version>4.1.34</version>
    <description>Gantry 4 system plugin. Needs to be enabled at all times.</description>
    <files>
        <filename plugin="gantry">gantry.php</filename>
        <filename>functions.php</filename>
        <filename>MD5SUMS</filename>
        <folder>overrides</folder>
        <folder>fields</folder>
    </files>
    <languages folder="language">
        <language tag="en-GB">en-GB/en-GB.plg_system_gantry.ini</language>
    </languages>
    <config>
        <fields name="params">
            <fieldset name="debug" label="PLG_SYSTEM_GANTRY_FIELD_LABEL_DEBUG"
                      addfieldpath="/plugins/system/gantry/fields">
                <field name="debugloglocation" type="debuglink"
                       description="PLG_SYSTEM_GANTRY_DEBUG_LOG_LOCATION_DESC"
                       label="PLG_SYSTEM_GANTRY_DEBUG_LOG_LOCATION_LABEL"
                       logfile="gantry.php"/>

                <field name="debugloglevel" type="list"
                       description="PLG_SYSTEM_GANTRY_DEBUG_LOG_LEVEL_DESC"
                       label="PLG_SYSTEM_GANTRY_DEBUG_LOG_LEVEL_LABEL"
                       default="63">
                    <option value="15">PLG_SYSTEM_GANTRY_DEBUG_LOG_LEVEL_DISABLED</option>
                    <option value="15">PLG_SYSTEM_GANTRY_DEBUG_LOG_LEVEL_ERRORS_ONLY</option>
                    <option value="63">PLG_SYSTEM_GANTRY_DEBUG_LOG_LEVEL_NORMAL</option>
                    <option value="30719">PLG_SYSTEM_GANTRY_DEBUG_LOG_LEVEL_DEBUG</option>
                </field>
            </fieldset>
        </fields>
    </config>
</extension>
